Mean Precision,Mean Recall
0.8636363636363636,0.5277777777777778
0.7213114754098361,0.6111111111111112
