Mean Precision,Mean Recall
0.8636363636363636,0.5277777777777778
0.7796610169491526,0.6388888888888888
