feature_0,feature_1,feature_2,feature_3,feature_4,feature_5,feature_6,feature_7,feature_8,feature_9,feature_10,feature_11,feature_12,feature_13,feature_14,feature_15,feature_16,feature_17,feature_18,feature_19,feature_20,feature_21,feature_22,feature_23,feature_24
0.7889697534063865,0.8436077401809584,0.8867533268414014,0.6017188744534228,0.5458627325208467,0.5137701804368471,0.6272727272727272,0.5543806646525681,0.5180876834655394,0.5258178242266369,0.5172809988942059,0.6367482216749735,0.1883021407785927,0.1720784367650085,0.249253539994623,0.4157701980007625,0.5300810695491396,0.6032084221080336,0.6704483031516224,0.6592956592956593,0.0118043844856661,0.0284697508896797,0.5109577570525222,0.2962962962962963,0.2580645161290323
